{
  "seed": 20260706,
  "python": "3.12.4",
  "numpy": "1.26.4",
  "x0": [
    0.35,
    -0.28,
    0.22,
    0.18
  ],
  "y0": [
    0.6288091427100629,
    -0.31558438307906306,
    -0.03545672486537022,
    0.3085382647639951,
    0.407965294280686
  ],
  "A": [
    [
      1.2,
      -0.35,
      0.15,
      0.4
    ],
    [
      0.1,
      0.95,
      -0.55,
      0.2
    ],
    [
      -0.45,
      0.25,
      1.1,
      -0.3
    ],
    [
      0.3,
      0.1,
      0.35,
      0.85
    ],
    [
      0.55,
      -0.2,
      0.45,
      0.25
    ]
  ],
  "B": [
    [
      0.08,
      -0.03,
      0.0,
      0.02
    ],
    [
      0.01,
      0.07,
      -0.02,
      0.0
    ],
    [
      -0.02,
      0.0,
      0.06,
      0.01
    ],
    [
      0.0,
      0.03,
      0.02,
      0.05
    ],
    [
      0.04,
      0.02,
      0.03,
      0.01
    ]
  ],
  "C": [
    [
      0.03,
      0.0,
      -0.01,
      0.0
    ],
    [
      0.0,
      -0.02,
      0.0,
      0.01
    ],
    [
      0.02,
      0.01,
      0.0,
      0.0
    ],
    [
      0.0,
      0.0,
      0.01,
      -0.02
    ],
    [
      0.01,
      -0.01,
      0.02,
      0.0
    ]
  ],
  "h": 0.0001,
  "J": [
    [
      1.2625632649787555,
      -0.30773673502126897,
      0.1482000000002648,
      0.4049999999994336
    ],
    [
      0.10880000000018653,
      0.9195637384065702,
      -0.5663637384065168,
      0.2035000000000231
    ],
    [
      -0.4695999999998826,
      0.2591999999999872,
      1.137415914887023,
      -0.2825840851130093
    ],
    [
      0.28161622852102,
      0.083200000000061,
      0.3606000000000442,
      0.8779837714786853
    ],
    [
      0.5885735243005286,
      -0.19652647569923243,
      0.48297352430087814,
      0.2713735243006776
    ]
  ],
  "singular_values": [
    1.733361111993991,
    1.4439469991112515,
    1.0033579310085217,
    0.5817767239800551
  ],
  "rank": 4,
  "U_R": [
    [
      -0.773271882213538,
      -0.016953610588761214,
      0.12226658236796864,
      0.42986877395211154
    ],
    [
      0.042598368108293656,
      0.55473294691483,
      -0.7158209828973949,
      0.409320201340627
    ],
    [
      0.2802488179771604,
      -0.7657074402518464,
      -0.3939678785346821,
      0.37107727817684727
    ],
    [
      -0.389268705620988,
      -0.1528362632718239,
      -0.5619636109963818,
      -0.6986510657800982
    ],
    [
      -0.4125123635226072,
      -0.28690961166761825,
      -0.04046497100768943,
      0.14784502649927772
    ]
  ],
  "U_N": [
    [
      -0.4494740162488838
    ],
    [
      0.10253794351348415
    ],
    [
      -0.20553267445618886
    ],
    [
      -0.1455834456712243
    ],
    [
      0.8508941526033093
    ]
  ],
  "P_R": [
    [
      0.7979731087170981,
      0.046088141288906814,
      -0.0923815966581977,
      -0.06543597602519609,
      0.3824548121733001
    ],
    [
      0.046088141288906814,
      0.9894859701400254,
      0.021074897763563995,
      0.01492782712873439,
      -0.0872489365555921
    ],
    [
      -0.0923815966581977,
      0.021074897763563995,
      0.9577563197308858,
      -0.029922154945353916,
      0.17488655086369057
    ],
    [
      -0.06543597602519609,
      0.01492782712873439,
      -0.029922154945353916,
      0.9788054603464934,
      0.1238761026374864
    ],
    [
      0.3824548121733001,
      -0.0872489365555921,
      0.17488655086369057,
      0.1238761026374864,
      0.2759791410654963
    ]
  ],
  "P_N": [
    [
      0.20202689128290183,
      -0.046088141288906904,
      0.09238159665819758,
      0.06543597602519637,
      -0.3824548121733
    ],
    [
      -0.046088141288906904,
      0.010514029859974466,
      -0.02107489776356402,
      -0.014927827128734387,
      0.08724893655559209
    ],
    [
      0.09238159665819758,
      -0.02107489776356402,
      0.04224368026911371,
      0.029922154945354003,
      -0.17488655086369065
    ],
    [
      0.06543597602519637,
      -0.014927827128734387,
      0.029922154945354003,
      0.021194539653506317,
      -0.12387610263748632
    ],
    [
      -0.3824548121733,
      0.08724893655559209,
      -0.17488655086369065,
      -0.12387610263748632,
      0.7240208589345037
    ]
  ],
  "R_residuals": [
    [
      0.5590549057252187,
      0.39152532643205384,
      0.26719322384726857,
      -0.15376811136435456,
      -0.2784274401148737
    ],
    [
      0.2661763409387417,
      -0.5106119831162563,
      -0.10831857409918341,
      0.1809786053722211,
      -0.5294850223476616
    ],
    [
      -0.23809157459150102,
      0.0661229907489203,
      0.36046578587071004,
      0.1400195902375678,
      -0.03452077201420713
    ],
    [
      -0.23809157459150096,
      0.06612299074892022,
      -0.2447493004661865,
      0.5296607225626366,
      0.20305919906264713
    ],
    [
      -0.23809157459150096,
      0.06612299074892022,
      -0.24474930046618665,
      -0.25540918027291015,
      -0.09605001507399655
    ],
    [
      -0.11095652288945755,
      -0.07928231556255859,
      -0.0298418346864222,
      -0.4414816265351606,
      0.7354240504880919
    ]
  ],
  "Sigma_empirical": [
    [
      0.11315327514741398,
      0.00890764685225297,
      0.030915322636876418,
      -0.01748835881749485,
      -0.07909031755063507
    ],
    [
      0.00890764685225297,
      0.08668382276346975,
      0.030751114046857812,
      -0.018043884538762857,
      0.021567406372795164
    ],
    [
      0.030915322636876418,
      0.030751114046857812,
      0.0667511380805985,
      -0.012833024331094817,
      -0.015524249156198308
    ],
    [
      -0.01748835881749485,
      -0.018043884538762857,
      -0.012833024331094817,
      0.12333674605734327,
      -0.05008749038647873
    ],
    [
      -0.07909031755063507,
      0.021567406372795164,
      -0.015524249156198308,
      -0.05008749038647873,
      0.19007501795117449
    ]
  ],
  "ridge": 1e-08,
  "Sigma_regularized": [
    [
      0.11315328514741398,
      0.00890764685225297,
      0.030915322636876418,
      -0.01748835881749485,
      -0.07909031755063507
    ],
    [
      0.00890764685225297,
      0.08668383276346975,
      0.030751114046857812,
      -0.018043884538762857,
      0.021567406372795164
    ],
    [
      0.030915322636876418,
      0.030751114046857812,
      0.0667511480805985,
      -0.012833024331094817,
      -0.015524249156198308
    ],
    [
      -0.01748835881749485,
      -0.018043884538762857,
      -0.012833024331094817,
      0.12333675605734326,
      -0.05008749038647873
    ],
    [
      -0.07909031755063507,
      0.021567406372795164,
      -0.015524249156198308,
      -0.05008749038647873,
      0.19007502795117448
    ]
  ],
  "Sigma_block": [
    [
      0.040000009999999996,
      1.2040212523352852e-17,
      -3.96785174118491e-18,
      2.427439924182034e-17,
      0.017999999999999978
    ],
    [
      1.406817354137342e-17,
      0.040000009999999954,
      -1.5367468009094466e-18,
      2.2531853743329862e-17,
      -0.012000000000000025
    ],
    [
      -2.732704245610994e-18,
      -1.3992770142828186e-17,
      0.09000000999999996,
      7.492938771548499e-18,
      0.0059999999999999915
    ],
    [
      1.702323272457311e-17,
      3.300783951529443e-17,
      7.54968122490628e-18,
      0.16000000999999986,
      0.010000000000000054
    ],
    [
      0.018000000000000013,
      -0.012000000000000025,
      0.005999999999999995,
      0.010000000000000052,
      0.2500000100000001
    ]
  ],